"abbr","year","link","real_team_age","avg_age"
"BOS",1980,"/teams/BOS/1980.html",27.2903420523139,27.5833333333333
"PHI",1980,"/teams/PHI/1980.html",26.9857970284563,26.2142857142857
"WSB",1980,"/teams/WSB/1980.html",28.9601609657948,27.3529411764706
"NYK",1980,"/teams/NYK/1980.html",24.1057128412538,25.1538461538462
"NJN",1980,"/teams/NJN/1980.html",26.1456197929816,26.4375
"ATL",1980,"/teams/ATL/1980.html",26.0653690596562,26.1333333333333
"HOU",1980,"/teams/HOU/1980.html",27.3422478675364,27.0666666666667
"SAS",1980,"/teams/SAS/1980.html",26.9372310807391,26.4
"IND",1980,"/teams/IND/1980.html",25.3187106522287,25.3125
"CLE",1980,"/teams/CLE/1980.html",27.3760160561967,27.6
"DET",1980,"/teams/DET/1980.html",24.66324570273,24.7058823529412
"MIL",1980,"/teams/MIL/1980.html",25.3335521332997,25.5
"KCK",1980,"/teams/KCK/1980.html",25.5176975511235,25.5
"DEN",1980,"/teams/DEN/1980.html",27.0643973777105,26.0666666666667
"CHI",1980,"/teams/CHI/1980.html",25.8898266767144,26.5333333333333
"UTA",1980,"/teams/UTA/1980.html",25.9221913658167,25.6
"LAL",1980,"/teams/LAL/1980.html",26.203370221328,25.6
"SEA",1980,"/teams/SEA/1980.html",26.9880484114977,26.5454545454545
"PHO",1980,"/teams/PHO/1980.html",26.4580106302202,25.8333333333333
"POR",1980,"/teams/POR/1980.html",26.3146612740142,26.2
"SDC",1980,"/teams/SDC/1980.html",27.5942799291319,26.4666666666667
"GSW",1980,"/teams/GSW/1980.html",26.29476861167,26.0714285714286
"BOS",1981,"/teams/BOS/1981.html",27.046865520728,26.5
"PHI",1981,"/teams/PHI/1981.html",27.2063460085621,26.8461538461538
"NYK",1981,"/teams/NYK/1981.html",25.1122037317196,24.4545454545455
"WSB",1981,"/teams/WSB/1981.html",28.5773003033367,26.8333333333333
"NJN",1981,"/teams/NJN/1981.html",25.2485735925271,25.1428571428571
"MIL",1981,"/teams/MIL/1981.html",26.5999493799038,26.7272727272727
"CHI",1981,"/teams/CHI/1981.html",26.5424165824065,25.7692307692308
"IND",1981,"/teams/IND/1981.html",25.9603142422707,25.2857142857143
"ATL",1981,"/teams/ATL/1981.html",26.7742097340692,26.4
"CLE",1981,"/teams/CLE/1981.html",25.691456016178,26.2777777777778
"DET",1981,"/teams/DET/1981.html",24.3342951151607,24.5
"SAS",1981,"/teams/SAS/1981.html",26.7139611209291,26.6428571428571
"KCK",1981,"/teams/KCK/1981.html",26.2405446293495,26.6428571428571
"HOU",1981,"/teams/HOU/1981.html",26.8269123958596,26.4615384615385
"DEN",1981,"/teams/DEN/1981.html",26.7939864695565,25.8125
"UTA",1981,"/teams/UTA/1981.html",25.1036999493158,24.9375
"DAL",1981,"/teams/DAL/1981.html",24.827704752275,24.5238095238095
"PHO",1981,"/teams/PHO/1981.html",25.7058972412048,25.3636363636364
"LAL",1981,"/teams/LAL/1981.html",27.0191870739712,25.6428571428571
"POR",1981,"/teams/POR/1981.html",25.7376479476202,25.7857142857143
"GSW",1981,"/teams/GSW/1981.html",24.4110491637101,25.4117647058824
"SDC",1981,"/teams/SDC/1981.html",27.5598580841358,26.7142857142857
"SEA",1981,"/teams/SEA/1981.html",26.7642568250758,26.9333333333333
"BOS",1982,"/teams/BOS/1982.html",27.3472699696663,26.5
"PHI",1982,"/teams/PHI/1982.html",28.1431881138252,27.7692307692308
"NJN",1982,"/teams/NJN/1982.html",25.1490899898888,25.1875
"WSB",1982,"/teams/WSB/1982.html",25.9691376701967,25.6923076923077
"NYK",1982,"/teams/NYK/1982.html",27.9673726676752,26.9333333333333
"MIL",1982,"/teams/MIL/1982.html",27.3121433981318,27.4705882352941
"ATL",1982,"/teams/ATL/1982.html",26.526861167002,26.5
"DET",1982,"/teams/DET/1982.html",24.438779626828,25
"IND",1982,"/teams/IND/1982.html",26.9688855269793,26.8461538461538
"CHI",1982,"/teams/CHI/1982.html",26.4948189134809,25.8571428571429
"CLE",1982,"/teams/CLE/1982.html",26.0789194647816,25.7826086956522
"SAS",1982,"/teams/SAS/1982.html",26.0691976714756,26.1764705882353
"DEN",1982,"/teams/DEN/1982.html",27.0309631870903,27.0769230769231
"HOU",1982,"/teams/HOU/1982.html",28.3045500505561,27.5384615384615
"KCK",1982,"/teams/KCK/1982.html",23.9705734406439,24.875
"DAL",1982,"/teams/DAL/1982.html",24.4353775975672,24.3846153846154
"UTA",1982,"/teams/UTA/1982.html",24.7815470171891,24.4615384615385
"LAL",1982,"/teams/LAL/1982.html",26.7941072777638,26.2857142857143
"SEA",1982,"/teams/SEA/1982.html",26.4466464952093,26.25
"PHO",1982,"/teams/PHO/1982.html",26.3648512355018,25.6153846153846
"GSW",1982,"/teams/GSW/1982.html",25.1029322548028,24.5384615384615
"POR",1982,"/teams/POR/1982.html",24.7103134479272,25.4
"SDC",1982,"/teams/SDC/1982.html",25.4427233611744,26.1764705882353
"PHI",1983,"/teams/PHI/1983.html",26.7483106404438,25.6428571428571
"BOS",1983,"/teams/BOS/1983.html",27.3465456379223,27.1538461538462
"NJN",1983,"/teams/NJN/1983.html",25.1905607713778,25.7058823529412
"NYK",1983,"/teams/NYK/1983.html",26.521332996718,25.7142857142857
"WSB",1983,"/teams/WSB/1983.html",25.827972734158,26.3157894736842
"MIL",1983,"/teams/MIL/1983.html",28.0626323751891,29.25
"ATL",1983,"/teams/ATL/1983.html",26.5908998988878,27.0588235294118
"DET",1983,"/teams/DET/1983.html",24.6222334004024,25.1111111111111
"CHI",1983,"/teams/CHI/1983.html",24.5006782215524,25.1333333333333
"CLE",1983,"/teams/CLE/1983.html",26.4334092634776,26.2777777777778
"IND",1983,"/teams/IND/1983.html",24.9024205748865,24.3846153846154
"SAS",1983,"/teams/SAS/1983.html",27.2408998988878,26.9444444444444
"DEN",1983,"/teams/DEN/1983.html",27.2176887987836,26.6428571428571
"KCK",1983,"/teams/KCK/1983.html",24.5217896865521,24.5714285714286
"DAL",1983,"/teams/DAL/1983.html",24.1803345159655,24.8461538461538
"UTA",1983,"/teams/UTA/1983.html",25.7125790939003,25.5714285714286
"HOU",1983,"/teams/HOU/1983.html",28.9616827166751,28.3571428571429
"LAL",1983,"/teams/LAL/1983.html",26.9249873289407,27.25
"PHO",1983,"/teams/PHO/1983.html",26.5660922453117,25.9285714285714
"SEA",1983,"/teams/SEA/1983.html",27.3732895733401,26.8461538461538
"POR",1983,"/teams/POR/1983.html",25.4908124525437,24.9285714285714
"GSW",1983,"/teams/GSW/1983.html",24.7392315470172,25.0526315789474
"SDC",1983,"/teams/SDC/1983.html",24.8433182047403,25.9444444444444
"BOS",1984,"/teams/BOS/1984.html",28.0353796041092,27.5
"PHI",1984,"/teams/PHI/1984.html",27.7361563517915,26.1333333333333
"NYK",1984,"/teams/NYK/1984.html",27.2455300931755,27.3076923076923
"NJN",1984,"/teams/NJN/1984.html",25.4896238323656,25.5
"WSB",1984,"/teams/WSB/1984.html",26.2028133634765,25.3571428571429
"MIL",1984,"/teams/MIL/1984.html",28.375433308214,28.25
"DET",1984,"/teams/DET/1984.html",25.3982416478272,25.2857142857143
"ATL",1984,"/teams/ATL/1984.html",26.6232183329136,27.0588235294118
"CLE",1984,"/teams/CLE/1984.html",25.4474439687736,25.3846153846154
"CHI",1984,"/teams/CHI/1984.html",24.4345345345345,24.5384615384615
"IND",1984,"/teams/IND/1984.html",24.4232558139535,24.0714285714286
"UTA",1984,"/teams/UTA/1984.html",26.7624873609707,26.4166666666667
"DAL",1984,"/teams/DAL/1984.html",24.7287396642446,24.6153846153846
"DEN",1984,"/teams/DEN/1984.html",26.9892451401161,26.6428571428571
"KCK",1984,"/teams/KCK/1984.html",26.2255125284738,26.3333333333333
"SAS",1984,"/teams/SAS/1984.html",27.4205205205205,26.4
"HOU",1984,"/teams/HOU/1984.html",26.7811187041255,27
"LAL",1984,"/teams/LAL/1984.html",27.5102628918099,27.5
"POR",1984,"/teams/POR/1984.html",25.756021206766,25.2307692307692
"SEA",1984,"/teams/SEA/1984.html",27.0563700707786,27.0714285714286
"PHO",1984,"/teams/PHO/1984.html",27.1697168857432,26.9285714285714
"GSW",1984,"/teams/GSW/1984.html",25.5607665153807,25.1333333333333
"SDC",1984,"/teams/SDC/1984.html",25.4557019766853,25.125
"BOS",1985,"/teams/BOS/1985.html",28.5212382643999,28.3076923076923
"PHI",1985,"/teams/PHI/1985.html",27.9075485988387,27.3571428571429
"NJN",1985,"/teams/NJN/1985.html",26.4802834725386,26.7058823529412
"WSB",1985,"/teams/WSB/1985.html",27.0726265424326,26.2666666666667
"NYK",1985,"/teams/NYK/1985.html",25.8272314674735,26.3076923076923
"MIL",1985,"/teams/MIL/1985.html",25.7037111840444,25.4444444444444
"DET",1985,"/teams/DET/1985.html",26.8728693898134,26.3529411764706
"CHI",1985,"/teams/CHI/1985.html",25.1508204998738,25.7857142857143
"CLE",1985,"/teams/CLE/1985.html",26.5709807886754,26.6315789473684
"ATL",1985,"/teams/ATL/1985.html",25.4720725258121,25.7222222222222
"IND",1985,"/teams/IND/1985.html",24.1266936299292,23.8666666666667
"DEN",1985,"/teams/DEN/1985.html",28.268633383762,27.3333333333333
"HOU",1985,"/teams/HOU/1985.html",25.3478567826525,25.6428571428571
"DAL",1985,"/teams/DAL/1985.html",25.0143540669856,24.3333333333333
"UTA",1985,"/teams/UTA/1985.html",26.911364211592,27
"SAS",1985,"/teams/SAS/1985.html",28.052780586451,27.0588235294118
"KCK",1985,"/teams/KCK/1985.html",26.0687927107062,26.1875
"LAL",1985,"/teams/LAL/1985.html",27.4394330549228,27.2142857142857
"POR",1985,"/teams/POR/1985.html",25.1926056338028,25.1666666666667
"PHO",1985,"/teams/PHO/1985.html",26.411966675082,26.4666666666667
"SEA",1985,"/teams/SEA/1985.html",26.4012179649835,25.4666666666667
"LAC",1985,"/teams/LAC/1985.html",27.2606183476939,26.3571428571429
"GSW",1985,"/teams/GSW/1985.html",26.1424830017628,25.4615384615385
"BOS",1986,"/teams/BOS/1986.html",29.3082850667338,28.1538461538462
"PHI",1986,"/teams/PHI/1986.html",27.9925144436071,26.6111111111111
"WSB",1986,"/teams/WSB/1986.html",27.0941828254848,26.8421052631579
"NJN",1986,"/teams/NJN/1986.html",27.5463266851805,27.6666666666667
"NYK",1986,"/teams/NYK/1986.html",25.5343600100985,25.8125
"MIL",1986,"/teams/MIL/1986.html",26.0293865185559,26.0625
"ATL",1986,"/teams/ATL/1986.html",25.2973996465539,25.375
"DET",1986,"/teams/DET/1986.html",26.5053589484328,26.4285714285714
"CHI",1986,"/teams/CHI/1986.html",26.5866532359607,26.2941176470588
"CLE",1986,"/teams/CLE/1986.html",26.9542972699697,27.0588235294118
"IND",1986,"/teams/IND/1986.html",24.9881042773981,24.9285714285714
"HOU",1986,"/teams/HOU/1986.html",26.038926853961,25.6923076923077
"DEN",1986,"/teams/DEN/1986.html",28.1033662363958,26.75
"DAL",1986,"/teams/DAL/1986.html",25.763998990154,25.1428571428571
"UTA",1986,"/teams/UTA/1986.html",26.1989888776542,26.7142857142857
"SAC",1986,"/teams/SAC/1986.html",26.597219413549,26.3571428571429
"SAS",1986,"/teams/SAS/1986.html",27.8347891946478,26.8888888888889
"LAL",1986,"/teams/LAL/1986.html",28.066918809884,27.4666666666667
"POR",1986,"/teams/POR/1986.html",26.6078569629816,26
"PHO",1986,"/teams/PHO/1986.html",26.3148194900278,25.7058823529412
"LAC",1986,"/teams/LAC/1986.html",27.0203998987598,26.3684210526316
"SEA",1986,"/teams/SEA/1986.html",26.6482689412945,26.4375
"GSW",1986,"/teams/GSW/1986.html",26.7875631951466,26.5
"BOS",1987,"/teams/BOS/1987.html",29.4188841201717,27.9375
"PHI",1987,"/teams/PHI/1987.html",26.6333501006036,26.8125
"WSB",1987,"/teams/WSB/1987.html",25.874143618371,26.1333333333333
"NJN",1987,"/teams/NJN/1987.html",26.2237219843868,27
"NYK",1987,"/teams/NYK/1987.html",26.4400404448938,26.2222222222222
"ATL",1987,"/teams/ATL/1987.html",26.0904206791688,25.9333333333333
"DET",1987,"/teams/DET/1987.html",26.6849722642461,26.3333333333333
"MIL",1987,"/teams/MIL/1987.html",27.7053083923155,27.4545454545455
"IND",1987,"/teams/IND/1987.html",25.8989463120923,26.1333333333333
"CHI",1987,"/teams/CHI/1987.html",25.4473524962179,25.5882352941176
"CLE",1987,"/teams/CLE/1987.html",24.590635282207,25.1333333333333
"DAL",1987,"/teams/DAL/1987.html",26.3562877263582,25.3846153846154
"UTA",1987,"/teams/UTA/1987.html",26.929840546697,26.9166666666667
"HOU",1987,"/teams/HOU/1987.html",26.1180485338726,25.9333333333333
"DEN",1987,"/teams/DEN/1987.html",28.1764408493428,26.7857142857143
"SAC",1987,"/teams/SAC/1987.html",26.3486349848332,25.9333333333333
"SAS",1987,"/teams/SAS/1987.html",27.1358242867963,26
"LAL",1987,"/teams/LAL/1987.html",27.8254434870755,27.1538461538462
"POR",1987,"/teams/POR/1987.html",26.9438020701843,25.9411764705882
"GSW",1987,"/teams/GSW/1987.html",26.9398643556895,26.2857142857143
"SEA",1987,"/teams/SEA/1987.html",26.1253084865273,26.6666666666667
"PHO",1987,"/teams/PHO/1987.html",25.952807856963,25.4285714285714
"LAC",1987,"/teams/LAC/1987.html",26.1995955510617,26.3529411764706
"BOS",1988,"/teams/BOS/1988.html",29.8083417593529,28.5
"WSB",1988,"/teams/WSB/1988.html",26.5569919517103,26.2307692307692
"NYK",1988,"/teams/NYK/1988.html",25.2592274678112,26.3
"PHI",1988,"/teams/PHI/1988.html",27.2278824415976,26.4444444444444
"NJN",1988,"/teams/NJN/1988.html",26.6891304347826,26.3
"DET",1988,"/teams/DET/1988.html",27.380839231547,27.4666666666667
"CHI",1988,"/teams/CHI/1988.html",25.4866784185344,26.2
"ATL",1988,"/teams/ATL/1988.html",26.7646612740142,26.1333333333333
"MIL",1988,"/teams/MIL/1988.html",28.5544489383215,27.25
"CLE",1988,"/teams/CLE/1988.html",24.6260364004044,25.0588235294118
"IND",1988,"/teams/IND/1988.html",25.6618624714539,25.4615384615385
"DEN",1988,"/teams/DEN/1988.html",28.7227502527806,27.9375
"DAL",1988,"/teams/DAL/1988.html",26.955403695267,26.0833333333333
"UTA",1988,"/teams/UTA/1988.html",27.2678000507485,27.4
"HOU",1988,"/teams/HOU/1988.html",27.7239329268293,27.6875
"SAS",1988,"/teams/SAS/1988.html",26.1694521585458,26
"SAC",1988,"/teams/SAC/1988.html",26.0788169868554,25.6875
"LAL",1988,"/teams/LAL/1988.html",28.9303711184044,28
"POR",1988,"/teams/POR/1988.html",27.1381652306133,27.25
"SEA",1988,"/teams/SEA/1988.html",25.5766305716444,25.6923076923077
"PHO",1988,"/teams/PHO/1988.html",27.5072985301571,26.9473684210526
"GSW",1988,"/teams/GSW/1988.html",25.3716380182002,25.7619047619048
"LAC",1988,"/teams/LAC/1988.html",26.1879323403181,25.55
"NYK",1989,"/teams/NYK/1989.html",25.3285029033072,25.3846153846154
"PHI",1989,"/teams/PHI/1989.html",27.0388270980789,26.6875
"BOS",1989,"/teams/BOS/1989.html",28.4602123356926,27.4705882352941
"WSB",1989,"/teams/WSB/1989.html",26.2077058675397,25.9230769230769
"NJN",1989,"/teams/NJN/1989.html",26.8397879323403,26
"CHH",1989,"/teams/CHH/1989.html",27.218806875632,26.8125
"DET",1989,"/teams/DET/1989.html",28.6342410489158,28.2352941176471
"CLE",1989,"/teams/CLE/1989.html",26.1218931915971,26.75
"ATL",1989,"/teams/ATL/1989.html",28.4908861398637,27.9230769230769
"MIL",1989,"/teams/MIL/1989.html",28.5271576815996,28.1764705882353
"CHI",1989,"/teams/CHI/1989.html",26.3594539939333,26.3125
"IND",1989,"/teams/IND/1989.html",25.2020146058927,25.4117647058824
"UTA",1989,"/teams/UTA/1989.html",27.3602635580335,26.2
"HOU",1989,"/teams/HOU/1989.html",26.8446738856711,27.2142857142857
"DEN",1989,"/teams/DEN/1989.html",29.8368712273642,29
"DAL",1989,"/teams/DAL/1989.html",28.5391304347826,27.6875
"SAS",1989,"/teams/SAS/1989.html",25.6123513034675,26.4545454545455
"MIA",1989,"/teams/MIA/1989.html",25.1974817426341,25.1764705882353
"LAL",1989,"/teams/LAL/1989.html",29.5255238576117,29.3333333333333
"PHO",1989,"/teams/PHO/1989.html",25.694608959757,25.5882352941176
"SEA",1989,"/teams/SEA/1989.html",26.291809908999,26.9285714285714
"GSW",1989,"/teams/GSW/1989.html",25.9541823662396,26
"POR",1989,"/teams/POR/1989.html",26.9435199193142,27.4705882352941
"SAC",1989,"/teams/SAC/1989.html",25.1834175935288,25.2941176470588
"LAC",1989,"/teams/LAC/1989.html",24.6461344749433,24.85
"PHI",1990,"/teams/PHI/1990.html",27.3600605907599,27.125
"BOS",1990,"/teams/BOS/1990.html",30.1983252981477,28.6153846153846
"NYK",1990,"/teams/NYK/1990.html",26.4506807866868,26.4
"WSB",1990,"/teams/WSB/1990.html",27.4896621280888,26.0769230769231
"MIA",1990,"/teams/MIA/1990.html",24.6511910795743,25.5384615384615
"NJN",1990,"/teams/NJN/1990.html",26.5570667343314,25.7894736842105
"DET",1990,"/teams/DET/1990.html",29.4951779853572,29
"CHI",1990,"/teams/CHI/1990.html",26.1204740292486,26.2142857142857
"MIL",1990,"/teams/MIL/1990.html",28.1219364599092,28.4444444444444
"CLE",1990,"/teams/CLE/1990.html",26.0591549295775,25.6470588235294
"IND",1990,"/teams/IND/1990.html",26.3958752515091,27.0769230769231
"ATL",1990,"/teams/ATL/1990.html",28.6175874303092,27.2777777777778
"ORL",1990,"/teams/ORL/1990.html",26.4879575864681,26.9285714285714
"SAS",1990,"/teams/SAS/1990.html",26.3576786619361,26.625
"UTA",1990,"/teams/UTA/1990.html",27.5936964195663,26.4
"DAL",1990,"/teams/DAL/1990.html",29.1687232435155,27.8
"DEN",1990,"/teams/DEN/1990.html",29.4822014642767,28.8571428571429
"HOU",1990,"/teams/HOU/1990.html",27.9119414289321,27.625
"MIN",1990,"/teams/MIN/1990.html",26.2392344497608,26.0666666666667
"CHH",1990,"/teams/CHH/1990.html",25.639483675019,26.15
"LAL",1990,"/teams/LAL/1990.html",28.9266683455049,28.0666666666667
"POR",1990,"/teams/POR/1990.html",26.669014084507,26.6153846153846
"PHO",1990,"/teams/PHO/1990.html",26.7033492822966,25.6875
"SEA",1990,"/teams/SEA/1990.html",25.5632253202713,25.9333333333333
"GSW",1990,"/teams/GSW/1990.html",25.985079928952,26.6111111111111
"LAC",1990,"/teams/LAC/1990.html",24.5167381974249,24.95
"SAC",1990,"/teams/SAC/1990.html",26.3531764110352,25.9375
"BOS",1991,"/teams/BOS/1991.html",28.2255995960616,27.4666666666667
"PHI",1991,"/teams/PHI/1991.html",28.4235557768924,27.4444444444444
"NYK",1991,"/teams/NYK/1991.html",28.0556752693561,27.0714285714286
"WSB",1991,"/teams/WSB/1991.html",26.5143792495593,25.7333333333333
"NJN",1991,"/teams/NJN/1991.html",26.1599092284418,25.875
"MIA",1991,"/teams/MIA/1991.html",23.967239635996,24.3571428571429
"CHI",1991,"/teams/CHI/1991.html",26.9091875474563,26.5833333333333
"DET",1991,"/teams/DET/1991.html",30.5034587225448,30.6428571428571
"MIL",1991,"/teams/MIL/1991.html",29.2984134978595,28.5
"ATL",1991,"/teams/ATL/1991.html",28.9743356112377,27.3571428571429
"IND",1991,"/teams/IND/1991.html",26.4409997475385,26.6428571428571
"CLE",1991,"/teams/CLE/1991.html",26.7921331316188,26
"CHH",1991,"/teams/CHH/1991.html",25.4879070941681,25.8235294117647
"SAS",1991,"/teams/SAS/1991.html",25.9525970751387,25.8235294117647
"UTA",1991,"/teams/UTA/1991.html",28.6593023255814,27.6666666666667
"HOU",1991,"/teams/HOU/1991.html",27.3383026945354,26.8571428571429
"ORL",1991,"/teams/ORL/1991.html",26.0880182002022,26.1428571428571
"MIN",1991,"/teams/MIN/1991.html",26.2212007033409,26
"DAL",1991,"/teams/DAL/1991.html",30.5501640999748,29.2
"DEN",1991,"/teams/DEN/1991.html",26.4649771920933,26.1428571428571
"POR",1991,"/teams/POR/1991.html",27.9239387088671,28.0769230769231
"LAL",1991,"/teams/LAL/1991.html",28.3929904185577,28
"PHO",1991,"/teams/PHO/1991.html",26.9184490623416,26.9375
"GSW",1991,"/teams/GSW/1991.html",26.4963898005554,26.7222222222222
"SEA",1991,"/teams/SEA/1991.html",26.1709255533199,27.25
"LAC",1991,"/teams/LAC/1991.html",25.1018934612472,25.1875
"SAC",1991,"/teams/SAC/1991.html",25.8758183202233,25.8333333333333
"BOS",1992,"/teams/BOS/1992.html",29.2415571284125,28.1666666666667
"NYK",1992,"/teams/NYK/1992.html",27.2903047091413,27.4
"NJN",1992,"/teams/NJN/1992.html",25.6048533872599,25.4615384615385
"MIA",1992,"/teams/MIA/1992.html",24.3766515380736,24.6875
"PHI",1992,"/teams/PHI/1992.html",27.5602126044039,26.875
"WSB",1992,"/teams/WSB/1992.html",26.1157391085369,26.1875
"ORL",1992,"/teams/ORL/1992.html",26.5891398122304,25.8823529411765
"CHI",1992,"/teams/CHI/1992.html",27.6328794755421,28.1875
"CLE",1992,"/teams/CLE/1992.html",27.6137843978793,26.1875
"DET",1992,"/teams/DET/1992.html",30.0738119312437,29.2857142857143
"IND",1992,"/teams/IND/1992.html",26.4353294913555,26.4666666666667
"ATL",1992,"/teams/ATL/1992.html",27.1888972619945,26.6
"MIL",1992,"/teams/MIL/1992.html",30.1735412474849,29.0714285714286
"CHH",1992,"/teams/CHH/1992.html",25.1756627114365,25.3888888888889
"UTA",1992,"/teams/UTA/1992.html",28.536569416499,27.3571428571429
"SAS",1992,"/teams/SAS/1992.html",27.2955510616785,26.75
"HOU",1992,"/teams/HOU/1992.html",27.9572937625755,27.9375
"DEN",1992,"/teams/DEN/1992.html",25.6793225480283,25.8666666666667
"DAL",1992,"/teams/DAL/1992.html",28.1630979498861,27.4705882352941
"MIN",1992,"/teams/MIN/1992.html",26.4024236303964,26.125
"POR",1992,"/teams/POR/1992.html",28.0844567404427,27.7142857142857
"GSW",1992,"/teams/GSW/1992.html",25.5132293762575,26.2631578947368
"PHO",1992,"/teams/PHO/1992.html",27.0137843978793,27.2307692307692
"SEA",1992,"/teams/SEA/1992.html",27.2794258373206,26.9285714285714
"LAC",1992,"/teams/LAC/1992.html",27.3187090267272,26.6470588235294
"LAL",1992,"/teams/LAL/1992.html",28.3361069087242,27.1333333333333
"SAC",1992,"/teams/SAC/1992.html",25.0601109430156,24.8125
"NYK",1993,"/teams/NYK/1993.html",28.3331660812845,27.8461538461538
"BOS",1993,"/teams/BOS/1993.html",28.5912537917088,27.9411764705882
"NJN",1993,"/teams/NJN/1993.html",27.2947927199191,27.5555555555556
"ORL",1993,"/teams/ORL/1993.html",25.7637323943662,25.8125
"MIA",1993,"/teams/MIA/1993.html",25.1824043989003,25
"PHI",1993,"/teams/PHI/1993.html",27.1252383341696,27.3571428571429
"WSB",1993,"/teams/WSB/1993.html",26.0956324160566,26.0526315789474
"CHI",1993,"/teams/CHI/1993.html",28.0608673726677,27.7647058823529
"CLE",1993,"/teams/CLE/1993.html",28.8031770045386,27.6428571428571
"CHH",1993,"/teams/CHH/1993.html",25.7336876740066,26.3333333333333
"ATL",1993,"/teams/ATL/1993.html",27.0850226928896,27.0588235294118
"IND",1993,"/teams/IND/1993.html",26.8268286509744,26.4615384615385
"DET",1993,"/teams/DET/1993.html",29.9493933265925,29.25
"MIL",1993,"/teams/MIL/1993.html",26.882209832742,27.4210526315789
"HOU",1993,"/teams/HOU/1993.html",27.419514661274,28.5
"SAS",1993,"/teams/SAS/1993.html",27.5459581969277,27.625
"UTA",1993,"/teams/UTA/1993.html",29.2931409769679,28.2
"DEN",1993,"/teams/DEN/1993.html",24.7703479576399,24.9285714285714
"MIN",1993,"/teams/MIN/1993.html",25.7886174767061,25.7333333333333
"DAL",1993,"/teams/DAL/1993.html",24.8650785605677,24.7777777777778
"PHO",1993,"/teams/PHO/1993.html",28.1955397871262,28.2
"SEA",1993,"/teams/SEA/1993.html",27.7223963599596,27.3571428571429
"POR",1993,"/teams/POR/1993.html",28.2059281587541,27.1428571428571
"LAC",1993,"/teams/LAC/1993.html",26.6622065135067,26.9333333333333
"LAL",1993,"/teams/LAL/1993.html",28.0233484619264,27.1428571428571
"GSW",1993,"/teams/GSW/1993.html",25.0353679979905,26.4
"SAC",1993,"/teams/SAC/1993.html",26.4555611729019,26.625
"NYK",1994,"/teams/NYK/1994.html",28.8824095165781,28.8125
"ORL",1994,"/teams/ORL/1994.html",25.7938672072985,26.7222222222222
"NJN",1994,"/teams/NJN/1994.html",26.5656076651538,27.25
"MIA",1994,"/teams/MIA/1994.html",25.9678868972482,26.1333333333333
"BOS",1994,"/teams/BOS/1994.html",27.8122079879427,26.8666666666667
"PHI",1994,"/teams/PHI/1994.html",27.2421105781368,27.0588235294118
"WSB",1994,"/teams/WSB/1994.html",25.8029941639178,26.5
"ATL",1994,"/teams/ATL/1994.html",28.6699063528221,28.1333333333333
"CHI",1994,"/teams/CHI/1994.html",27.7493933265925,27.5
"IND",1994,"/teams/IND/1994.html",27.1987851176917,27.6875
"CLE",1994,"/teams/CLE/1994.html",27.9389574414505,27.8235294117647
"CHH",1994,"/teams/CHH/1994.html",27.6275340393343,27.6842105263158
"MIL",1994,"/teams/MIL/1994.html",26.1078913981223,26.875
"DET",1994,"/teams/DET/1994.html",27.4612265585403,28.1111111111111
"HOU",1994,"/teams/HOU/1994.html",28.0574823053589,27.3333333333333
"SAS",1994,"/teams/SAS/1994.html",29.0037411526795,29.0714285714286
"UTA",1994,"/teams/UTA/1994.html",29.4381744831064,26.5789473684211
"DEN",1994,"/teams/DEN/1994.html",24.7659832953683,24.8235294117647
"MIN",1994,"/teams/MIN/1994.html",26.1528636594019,25.6875
"DAL",1994,"/teams/DAL/1994.html",25.3266599087684,26
"SEA",1994,"/teams/SEA/1994.html",28.1050684237202,27.2142857142857
"PHO",1994,"/teams/PHO/1994.html",28.6783557472723,27.4705882352941
"GSW",1994,"/teams/GSW/1994.html",24.989888776542,25.75
"POR",1994,"/teams/POR/1994.html",28.5987851176917,27.0714285714286
"LAL",1994,"/teams/LAL/1994.html",26.4603391546444,27.75
"SAC",1994,"/teams/SAC/1994.html",26.6768413059985,26.2941176470588
"LAC",1994,"/teams/LAC/1994.html",26.9946916076845,26.4705882352941
"ORL",1995,"/teams/ORL/1995.html",26.6032112393377,27.2666666666667
"NYK",1995,"/teams/NYK/1995.html",29.4216885743175,28.875
"BOS",1995,"/teams/BOS/1995.html",27.2194900277708,27.0588235294118
"MIA",1995,"/teams/MIA/1995.html",27.0921484473618,26.9333333333333
"NJN",1995,"/teams/NJN/1995.html",27.4797283702213,27.6666666666667
"PHI",1995,"/teams/PHI/1995.html",25.0704872506943,25.8421052631579
"WSB",1995,"/teams/WSB/1995.html",24.47474187862,25.1875
"IND",1995,"/teams/IND/1995.html",28.7407987866532,29.1333333333333
"CHH",1995,"/teams/CHH/1995.html",27.9555667760667,28.4375
"CHI",1995,"/teams/CHI/1995.html",28.1488653555219,27.75
"CLE",1995,"/teams/CLE/1995.html",28.3355745107878,28.9333333333333
"ATL",1995,"/teams/ATL/1995.html",28.2428103752203,28.7777777777778
"MIL",1995,"/teams/MIL/1995.html",25.6891966759003,26.7857142857143
"DET",1995,"/teams/DET/1995.html",26.8557019766852,26.3125
"SAS",1995,"/teams/SAS/1995.html",29.0309745656006,28.625
"UTA",1995,"/teams/UTA/1995.html",29.6075834175935,28.8666666666667
"HOU",1995,"/teams/HOU/1995.html",28.5201723264065,28.1764705882353
"DEN",1995,"/teams/DEN/1995.html",26.632982982983,26.4705882352941
"DAL",1995,"/teams/DAL/1995.html",24.2839939789262,25.2142857142857
"MIN",1995,"/teams/MIN/1995.html",25.3843781597573,25.6666666666667
"PHO",1995,"/teams/PHO/1995.html",29.2021684316692,28.2
"SEA",1995,"/teams/SEA/1995.html",28.6533535047907,27.9285714285714
"LAL",1995,"/teams/LAL/1995.html",25.8980658126099,27.3125
"POR",1995,"/teams/POR/1995.html",29.2622177112408,29.0625
"SAC",1995,"/teams/SAC/1995.html",26.3841349785948,26.0666666666667
"GSW",1995,"/teams/GSW/1995.html",26.0229590555137,27
"LAC",1995,"/teams/LAC/1995.html",24.8736921529175,25.0625
"ORL",1996,"/teams/ORL/1996.html",27.6734323847897,27.8125
"NYK",1996,"/teams/NYK/1996.html",30.3701462430661,29.2941176470588
"MIA",1996,"/teams/MIA/1996.html",27.4479777553084,28.1363636363636
"WSB",1996,"/teams/WSB/1996.html",24.8374652865438,26.1904761904762
"BOS",1996,"/teams/BOS/1996.html",26.3035920622959,25.8888888888889
"NJN",1996,"/teams/NJN/1996.html",27.4461190655614,27.1666666666667
"PHI",1996,"/teams/PHI/1996.html",26.1477445514445,27.4166666666667
"CHI",1996,"/teams/CHI/1996.html",29.937100861632,29.7333333333333
"IND",1996,"/teams/IND/1996.html",29.369324221716,28.9285714285714
"CLE",1996,"/teams/CLE/1996.html",27.516540595058,26.4
"ATL",1996,"/teams/ATL/1996.html",28.1479979726305,27.8333333333333
"DET",1996,"/teams/DET/1996.html",26.7789208270298,26.8571428571429
"CHH",1996,"/teams/CHH/1996.html",27.7847585513078,27.952380952381
"MIL",1996,"/teams/MIL/1996.html",27.549366447035,28.3529411764706
"TOR",1996,"/teams/TOR/1996.html",26.154563792234,26.4210526315789
"SAS",1996,"/teams/SAS/1996.html",29.4059656218402,28.6666666666667
"UTA",1996,"/teams/UTA/1996.html",29.5192113245703,27.9285714285714
"HOU",1996,"/teams/HOU/1996.html",29.034031810149,28.7777777777778
"DEN",1996,"/teams/DEN/1996.html",26.8193645990923,26.5294117647059
"MIN",1996,"/teams/MIN/1996.html",26.4025783619818,26.4705882352941
"DAL",1996,"/teams/DAL/1996.html",25.1060712493728,25.5333333333333
"VAN",1996,"/teams/VAN/1996.html",27.2451710261569,26.7777777777778
"SEA",1996,"/teams/SEA/1996.html",29.5875251509054,29.0769230769231
"LAL",1996,"/teams/LAL/1996.html",27.1101117886179,27.5
"POR",1996,"/teams/POR/1996.html",28.1137402662648,27
"PHO",1996,"/teams/PHO/1996.html",27.9195690303182,27.4117647058824
"SAC",1996,"/teams/SAC/1996.html",26.5719058466211,26.4375
"GSW",1996,"/teams/GSW/1996.html",26.9564667172868,26.9411764705882
"LAC",1996,"/teams/LAC/1996.html",25.1931576279777,24.9285714285714
"MIA",1997,"/teams/MIA/1997.html",27.2437263317344,26.9473684210526
"NYK",1997,"/teams/NYK/1997.html",29.731755225384,29.3076923076923
"ORL",1997,"/teams/ORL/1997.html",29.4255854948376,28.5294117647059
"WSB",1997,"/teams/WSB/1997.html",25.8941828254848,26.2666666666667
"NJN",1997,"/teams/NJN/1997.html",26.8052578361982,27.9565217391304
"PHI",1997,"/teams/PHI/1997.html",25.4549039433771,26.3125
"BOS",1997,"/teams/BOS/1997.html",26.0652097462949,27.5555555555556
"CHI",1997,"/teams/CHI/1997.html",30.7351748606183,30.0666666666667
"ATL",1997,"/teams/ATL/1997.html",28.7630901287554,27.2941176470588
"DET",1997,"/teams/DET/1997.html",28.2446293494705,27.75
"CHH",1997,"/teams/CHH/1997.html",29.0824539257763,28.5
"CLE",1997,"/teams/CLE/1997.html",26.7196172248804,26.1538461538462
"IND",1997,"/teams/IND/1997.html",27.9070245860512,28.3157894736842
"MIL",1997,"/teams/MIL/1997.html",27.3202736948809,27.4705882352941
"TOR",1997,"/teams/TOR/1997.html",25.1497730711044,27.047619047619
"UTA",1997,"/teams/UTA/1997.html",29.5753403933434,27.7333333333333
"HOU",1997,"/teams/HOU/1997.html",30.8386300679929,30
"MIN",1997,"/teams/MIN/1997.html",26.3442871587462,27
"DAL",1997,"/teams/DAL/1997.html",27.1261802575107,26.2962962962963
"DEN",1997,"/teams/DEN/1997.html",28.6052182639237,27.5217391304348
"SAS",1997,"/teams/SAS/1997.html",29.9136847440446,28.35
"VAN",1997,"/teams/VAN/1997.html",24.9989888776542,25.5625
"SEA",1997,"/teams/SEA/1997.html",29.9771486349848,29.5
"LAL",1997,"/teams/LAL/1997.html",26.4967887606623,27.4705882352941
"POR",1997,"/teams/POR/1997.html",26.4481994459834,26.2105263157895
"PHO",1997,"/teams/PHO/1997.html",28.4656257869554,27.7826086956522
"LAC",1997,"/teams/LAC/1997.html",25.5115403913698,26.0666666666667
"SAC",1997,"/teams/SAC/1997.html",27.444976076555,27.0625
"GSW",1997,"/teams/GSW/1997.html",26.7411705601608,26.125
"MIA",1998,"/teams/MIA/1998.html",28.1288281447735,27.6666666666667
"NYK",1998,"/teams/NYK/1998.html",30.2170953101362,31.5
"NJN",1998,"/teams/NJN/1998.html",27.7915995975855,28.7222222222222
"WAS",1998,"/teams/WAS/1998.html",26.7327442565009,26.875
"ORL",1998,"/teams/ORL/1998.html",30.8136157337368,30
"BOS",1998,"/teams/BOS/1998.html",23.8611251900659,24.9444444444444
"PHI",1998,"/teams/PHI/1998.html",25.3615287269046,26.5909090909091
"CHI",1998,"/teams/CHI/1998.html",31.6805338705616,29.4705882352941
"IND",1998,"/teams/IND/1998.html",29.6525970751387,28.5714285714286
"CHH",1998,"/teams/CHH/1998.html",29.2030839231547,29.2777777777778
"ATL",1998,"/teams/ATL/1998.html",29.3513581488934,27.625
"CLE",1998,"/teams/CLE/1998.html",24.5649016641452,26
"DET",1998,"/teams/DET/1998.html",27.1997995489852,26.875
"MIL",1998,"/teams/MIL/1998.html",27.6024084295033,27.8125
"TOR",1998,"/teams/TOR/1998.html",24.7938283993979,25.5416666666667
"UTA",1998,"/teams/UTA/1998.html",29.7372598584429,28.0714285714286
"SAS",1998,"/teams/SAS/1998.html",28.7335350479072,28.6666666666667
"MIN",1998,"/teams/MIN/1998.html",26.4156046161565,27.1875
"HOU",1998,"/teams/HOU/1998.html",32.0404437720625,31.2857142857143
"DAL",1998,"/teams/DAL/1998.html",26.3311228334589,25.9444444444444
"VAN",1998,"/teams/VAN/1998.html",26.5348461926374,27.0625
"DEN",1998,"/teams/DEN/1998.html",26.5107957425241,25.875
"SEA",1998,"/teams/SEA/1998.html",31.0900025310048,29.625
"LAL",1998,"/teams/LAL/1998.html",25.7506807866868,25.6923076923077
"PHO",1998,"/teams/PHO/1998.html",28.1518416436983,27.8666666666667
"POR",1998,"/teams/POR/1998.html",26.0662128088754,26.75
"SAC",1998,"/teams/SAC/1998.html",26.6251393816523,26.3529411764706
"GSW",1998,"/teams/GSW/1998.html",25.8697932425618,26.6363636363636
"LAC",1998,"/teams/LAC/1998.html",25.6889282103134,25.8666666666667
"MIA",1999,"/teams/MIA/1999.html",30.2518918918919,29.3529411764706
"ORL",1999,"/teams/ORL/1999.html",28.7259751037344,29.1764705882353
"PHI",1999,"/teams/PHI/1999.html",26.0319341563786,26.8888888888889
"NYK",1999,"/teams/NYK/1999.html",29.0436363636364,29.9285714285714
"BOS",1999,"/teams/BOS/1999.html",24.3164609053498,25.1875
"WAS",1999,"/teams/WAS/1999.html",29.3069709543568,27.6666666666667
"NJN",1999,"/teams/NJN/1999.html",25.9801659751037,26.4347826086957
"IND",1999,"/teams/IND/1999.html",30.7720661157025,29
"ATL",1999,"/teams/ATL/1999.html",29.575817805383,28
"DET",1999,"/teams/DET/1999.html",27.6672199170124,27
"MIL",1999,"/teams/MIL/1999.html",28.3347717842324,28.15
"CHH",1999,"/teams/CHH/1999.html",28.9855144032922,29.0588235294118
"TOR",1999,"/teams/TOR/1999.html",27.2627743271222,26.9375
"CLE",1999,"/teams/CLE/1999.html",26.6661410788382,26.2352941176471
"CHI",1999,"/teams/CHI/1999.html",28.5826915113872,27.6666666666667
"SAS",1999,"/teams/SAS/1999.html",30.080248447205,29.6428571428571
"UTA",1999,"/teams/UTA/1999.html",30.3361806981519,29.2857142857143
"HOU",1999,"/teams/HOU/1999.html",29.6024016563147,29.4375
"MIN",1999,"/teams/MIN/1999.html",27.2128898128898,26.65
"DAL",1999,"/teams/DAL/1999.html",26.0525051759834,26.0714285714286
"DEN",1999,"/teams/DEN/1999.html",24.6484823284823,24.875
"VAN",1999,"/teams/VAN/1999.html",25.0167556468172,26.2222222222222
"POR",1999,"/teams/POR/1999.html",27.3706776180698,27.5
"LAL",1999,"/teams/LAL/1999.html",27.5107883817427,27.5882352941176
"PHO",1999,"/teams/PHO/1999.html",29.3152697095436,27.7058823529412
"SAC",1999,"/teams/SAC/1999.html",26.1075409836066,26
"SEA",1999,"/teams/SEA/1999.html",31.1994214876033,27.875
"GSW",1999,"/teams/GSW/1999.html",28.1404536082474,28.4615384615385
"LAC",1999,"/teams/LAC/1999.html",25.012206185567,25.875
"MIA",2000,"/teams/MIA/2000.html",29.2023197175996,28.375
"NYK",2000,"/teams/NYK/2000.html",29.4870398386283,29.0625
"PHI",2000,"/teams/PHI/2000.html",27.0835098335855,26.5555555555556
"ORL",2000,"/teams/ORL/2000.html",26.3087319665907,25.6315789473684
"BOS",2000,"/teams/BOS/2000.html",25.4426761277243,26.1333333333333
"NJN",2000,"/teams/NJN/2000.html",27.3015128593041,28.4
"WAS",2000,"/teams/WAS/2000.html",28.0374652865438,27.375
"IND",2000,"/teams/IND/2000.html",30.3933603649265,29
"CHH",2000,"/teams/CHH/2000.html",28.6540444893832,27.6470588235294
"TOR",2000,"/teams/TOR/2000.html",29.2830169577322,28.625
"DET",2000,"/teams/DET/2000.html",28.2784165405951,27.8666666666667
"MIL",2000,"/teams/MIL/2000.html",28.1829765802065,28.6666666666667
"CLE",2000,"/teams/CLE/2000.html",27.1682699571896,26.75
"ATL",2000,"/teams/ATL/2000.html",27.6296520423601,26.0714285714286
"CHI",2000,"/teams/CHI/2000.html",26.0212572582681,26.95
"UTA",2000,"/teams/UTA/2000.html",31.469045811187,30
"SAS",2000,"/teams/SAS/2000.html",30.8550491060186,30.4
"MIN",2000,"/teams/MIN/2000.html",26.5768902285858,27
"DAL",2000,"/teams/DAL/2000.html",26.3026355803345,26.3529411764706
"DEN",2000,"/teams/DEN/2000.html",25.9266179803576,25.9411764705882
"HOU",2000,"/teams/HOU/2000.html",26.3397881996974,27.6470588235294
"VAN",2000,"/teams/VAN/2000.html",25.3401662049862,27.2666666666667
"LAL",2000,"/teams/LAL/2000.html",29.1758141883363,27.9333333333333
"POR",2000,"/teams/POR/2000.html",29.5713346814965,30.1428571428571
"PHO",2000,"/teams/PHO/2000.html",28.6144912900783,29.1764705882353
"SEA",2000,"/teams/SEA/2000.html",28.5209807886754,28.0666666666667
"SAC",2000,"/teams/SAC/2000.html",27.5188083817218,28.1428571428571
"GSW",2000,"/teams/GSW/2000.html",26.8758289040749,27.0869565217391
"LAC",2000,"/teams/LAC/2000.html",24.2396346105049,25.8235294117647
"PHI",2001,"/teams/PHI/2001.html",28.1636363636364,27.4736842105263
"MIA",2001,"/teams/MIA/2001.html",30.8500503018109,29.4375
"NYK",2001,"/teams/NYK/2001.html",29.824566691786,29.375
"ORL",2001,"/teams/ORL/2001.html",25.9508393886244,27.125
"BOS",2001,"/teams/BOS/2001.html",25.9486132123046,26.2941176470588
"NJN",2001,"/teams/NJN/2001.html",27.4609224531171,27.2631578947368
"WAS",2001,"/teams/WAS/2001.html",26.964837398374,27.3809523809524
"MIL",2001,"/teams/MIL/2001.html",28.2219413549039,27.3333333333333
"TOR",2001,"/teams/TOR/2001.html",29.9209721874217,30.05
"CHH",2001,"/teams/CHH/2001.html",28.2082997987928,28.75
"IND",2001,"/teams/IND/2001.html",27.7114614614615,27.2
"DET",2001,"/teams/DET/2001.html",27.1039032989171,27.7058823529412
"CLE",2001,"/teams/CLE/2001.html",26.8561270801815,27.5
"ATL",2001,"/teams/ATL/2001.html",26.0504815002534,26.3478260869565
"CHI",2001,"/teams/CHI/2001.html",23.157088894485,23.0625
"SAS",2001,"/teams/SAS/2001.html",29.4634392334846,29.6666666666667
"UTA",2001,"/teams/UTA/2001.html",32.011678463094,29.8571428571429
"DAL",2001,"/teams/DAL/2001.html",26.5717748043423,26.9
"MIN",2001,"/teams/MIN/2001.html",27.4348966212809,28.2
"HOU",2001,"/teams/HOU/2001.html",26.7138678769541,27
"DEN",2001,"/teams/DEN/2001.html",27.8981294236603,28.2222222222222
"VAN",2001,"/teams/VAN/2001.html",26.1927704752275,28.4
"LAL",2001,"/teams/LAL/2001.html",29.191509670937,28.1333333333333
"SAC",2001,"/teams/SAC/2001.html",27.0591135458167,27.4285714285714
"PHO",2001,"/teams/PHO/2001.html",28.6487755617268,28.875
"POR",2001,"/teams/POR/2001.html",30.1078867542973,31.25
"SEA",2001,"/teams/SEA/2001.html",27.9416309012876,28.0714285714286
"LAC",2001,"/teams/LAC/2001.html",24.2834747878183,24.7333333333333
"GSW",2001,"/teams/GSW/2001.html",26.5913549039434,27.4545454545455
"NJN",2002,"/teams/NJN/2002.html",26.1370650529501,26.125
"BOS",2002,"/teams/BOS/2002.html",26.2005042864347,25.9375
"ORL",2002,"/teams/ORL/2002.html",27.9759455370651,28.7058823529412
"PHI",2002,"/teams/PHI/2002.html",28.9561074505829,27.2105263157895
"WAS",2002,"/teams/WAS/2002.html",27.5371515458692,26.3571428571429
"MIA",2002,"/teams/MIA/2002.html",30.0923231309584,28.1764705882353
"NYK",2002,"/teams/NYK/2002.html",30.307346629639,29.8571428571429
"DET",2002,"/teams/DET/2002.html",29.5172256097561,28.1333333333333
"CHH",2002,"/teams/CHH/2002.html",28.2872690458112,28.2666666666667
"TOR",2002,"/teams/TOR/2002.html",29.2567957479119,28.2352941176471
"IND",2002,"/teams/IND/2002.html",26.1135895503642,25
"MIL",2002,"/teams/MIL/2002.html",28.9305702084903,28.6428571428571
"ATL",2002,"/teams/ATL/2002.html",25.67891809909,26.6666666666667
"CLE",2002,"/teams/CLE/2002.html",25.9820196424075,25.8666666666667
"CHI",2002,"/teams/CHI/2002.html",25.5382984094926,25.2777777777778
"SAS",2002,"/teams/SAS/2002.html",28.5408713170486,28.8666666666667
"DAL",2002,"/teams/DAL/2002.html",27.5793259557344,28.05
"MIN",2002,"/teams/MIN/2002.html",26.7125473365312,27.625
"UTA",2002,"/teams/UTA/2002.html",29.9008068582955,28.7857142857143
"HOU",2002,"/teams/HOU/2002.html",25.8774774774775,26.4285714285714
"DEN",2002,"/teams/DEN/2002.html",28.1731885887402,27.6666666666667
"MEM",2002,"/teams/MEM/2002.html",25.4892821031345,26.6470588235294
"SAC",2002,"/teams/SAC/2002.html",26.9534801316122,27.0714285714286
"LAL",2002,"/teams/LAL/2002.html",27.867593528817,27.6
"POR",2002,"/teams/POR/2002.html",29.0400403429148,28.7333333333333
"SEA",2002,"/teams/SEA/2002.html",26.9266767523954,26
"LAC",2002,"/teams/LAC/2002.html",24.3995455693007,25.6875
"PHO",2002,"/teams/PHO/2002.html",26.4862834089763,26.6315789473684
"GSW",2002,"/teams/GSW/2002.html",24.8419615773509,26.1333333333333
"NJN",2003,"/teams/NJN/2003.html",27.3285244241964,27.9333333333333
"PHI",2003,"/teams/PHI/2003.html",28.2503651473181,28.4375
"BOS",2003,"/teams/BOS/2003.html",26.9474029248613,28.0588235294118
"ORL",2003,"/teams/ORL/2003.html",26.8662458975006,26.7647058823529
"WAS",2003,"/teams/WAS/2003.html",28.3997478567827,27.25
"NYK",2003,"/teams/NYK/2003.html",30.1664568118862,28.5384615384615
"MIA",2003,"/teams/MIA/2003.html",26.4974785678265,26.4285714285714
"DET",2003,"/teams/DET/2003.html",28.9847274554132,29
"IND",2003,"/teams/IND/2003.html",25.8854559155991,26
"NOH",2003,"/teams/NOH/2003.html",29.0579251444361,28.6875
"MIL",2003,"/teams/MIL/2003.html",29.3380055262497,27.625
"ATL",2003,"/teams/ATL/2003.html",27.2319517709118,27.3809523809524
"CHI",2003,"/teams/CHI/2003.html",25.1595584545911,25.1333333333333
"TOR",2003,"/teams/TOR/2003.html",27.5760666498359,27.3684210526316
"CLE",2003,"/teams/CLE/2003.html",23.5064548663641,24.3571428571429
"SAS",2003,"/teams/SAS/2003.html",28.386787695411,29.5333333333333
"DAL",2003,"/teams/DAL/2003.html",28.0662285136502,28.7647058823529
"MIN",2003,"/teams/MIN/2003.html",28.2371118404443,28
"UTA",2003,"/teams/UTA/2003.html",30.9085945399393,29.5384615384615
"HOU",2003,"/teams/HOU/2003.html",25.9439538384345,25.6
"MEM",2003,"/teams/MEM/2003.html",24.9246864024084,24.4117647058824
"DEN",2003,"/teams/DEN/2003.html",24.0834769386721,25.2857142857143
"SAC",2003,"/teams/SAC/2003.html",28.3415532022189,27.5
"LAL",2003,"/teams/LAL/2003.html",28.0534872052183,27.4285714285714
"POR",2003,"/teams/POR/2003.html",29.1743137748678,28.7333333333333
"PHO",2003,"/teams/PHO/2003.html",25.2122191365817,26.2857142857143
"SEA",2003,"/teams/SEA/2003.html",26.9008813900781,26.8823529411765
"GSW",2003,"/teams/GSW/2003.html",24.3648190331562,25.1875
"LAC",2003,"/teams/LAC/2003.html",25.2971905846621,25.3333333333333
"NJN",2004,"/teams/NJN/2004.html",27.6517127632581,28.4210526315789
"MIA",2004,"/teams/MIA/2004.html",26.3519109086307,26.7058823529412
"NYK",2004,"/teams/NYK/2004.html",29.6315392354125,28.4545454545455
"BOS",2004,"/teams/BOS/2004.html",26.3513828977417,26.4736842105263
"PHI",2004,"/teams/PHI/2004.html",27.4611432888441,27.5714285714286
"WAS",2004,"/teams/WAS/2004.html",24.4061018658598,26.1176470588235
"ORL",2004,"/teams/ORL/2004.html",25.8047907211296,25.7619047619048
"IND",2004,"/teams/IND/2004.html",27.1183034587225,26.4666666666667
"DET",2004,"/teams/DET/2004.html",27.372295247725,28.2941176470588
"NOH",2004,"/teams/NOH/2004.html",30.2553706505295,29.6875
"MIL",2004,"/teams/MIL/2004.html",26.5143579373104,26.5
"CLE",2004,"/teams/CLE/2004.html",24.8582221102997,25.047619047619
"TOR",2004,"/teams/TOR/2004.html",27.5974974974975,27.8260869565217
"ATL",2004,"/teams/ATL/2004.html",26.2270786234614,26.695652173913
"CHI",2004,"/teams/CHI/2004.html",26.8365607665154,27.2380952380952
"MIN",2004,"/teams/MIN/2004.html",29.7287269045811,28.7647058823529
"SAS",2004,"/teams/SAS/2004.html",27.2535054416603,28.0588235294118
"DAL",2004,"/teams/DAL/2004.html",27.3519313304721,28.0714285714286
"MEM",2004,"/teams/MEM/2004.html",25.9811871227364,25.625
"HOU",2004,"/teams/HOU/2004.html",28.2560963371801,28.9411764705882
"DEN",2004,"/teams/DEN/2004.html",25.5524075012671,26.0666666666667
"UTA",2004,"/teams/UTA/2004.html",24.9283114256825,25.9444444444444
"LAL",2004,"/teams/LAL/2004.html",29.8022664316293,28.2941176470588
"SAC",2004,"/teams/SAC/2004.html",29.2545500505561,28.7692307692308
"POR",2004,"/teams/POR/2004.html",27.6095595595596,26.2916666666667
"GSW",2004,"/teams/GSW/2004.html",28.1195164945857,27.9444444444444
"SEA",2004,"/teams/SEA/2004.html",25.978692249432,25.9285714285714
"PHO",2004,"/teams/PHO/2004.html",24.4410035478966,25.7368421052632
"LAC",2004,"/teams/LAC/2004.html",24.2915425397627,26.3529411764706
"BOS",2005,"/teams/BOS/2005.html",27.0787726358149,26.2
"PHI",2005,"/teams/PHI/2005.html",26.3671115588013,27.0588235294118
"NJN",2005,"/teams/NJN/2005.html",27.7911580005024,28.4545454545455
"TOR",2005,"/teams/TOR/2005.html",26.9705124968442,27.125
"NYK",2005,"/teams/NYK/2005.html",27.2618712273642,27.5263157894737
"DET",2005,"/teams/DET/2005.html",27.9021799047858,28.3529411764706
"CHI",2005,"/teams/CHI/2005.html",24.9605143721634,26.0666666666667
"IND",2005,"/teams/IND/2005.html",28.2922883697563,27.5
"CLE",2005,"/teams/CLE/2005.html",26.4764542936288,26.3125
"MIL",2005,"/teams/MIL/2005.html",26.9392315470172,28
"MIA",2005,"/teams/MIA/2005.html",27.9982982982983,28.1764705882353
"WAS",2005,"/teams/WAS/2005.html",25.2711324570273,25.5
"ORL",2005,"/teams/ORL/2005.html",26.5269728495306,27.1111111111111
"CHA",2005,"/teams/CHA/2005.html",24.8642354124748,25.4736842105263
"ATL",2005,"/teams/ATL/2005.html",26.0112817929992,28
"SEA",2005,"/teams/SEA/2005.html",25.9943811693242,26
"DEN",2005,"/teams/DEN/2005.html",26.6608453556062,27.1176470588235
"MIN",2005,"/teams/MIN/2005.html",28.9650721336371,28.8571428571429
"POR",2005,"/teams/POR/2005.html",27.0134820070958,25.7058823529412
"UTA",2005,"/teams/UTA/2005.html",25.7073811931244,25.7647058823529
"PHO",2005,"/teams/PHO/2005.html",25.1734580384226,25.3333333333333
"SAC",2005,"/teams/SAC/2005.html",27.7120624527827,27.3888888888889
"LAC",2005,"/teams/LAC/2005.html",25.5181727408887,26.5555555555556
"LAL",2005,"/teams/LAL/2005.html",26.0359453993933,26.0625
"GSW",2005,"/teams/GSW/2005.html",26.6743531775936,26.3888888888889
"SAS",2005,"/teams/SAS/2005.html",28.489320878566,28.4117647058824
"DAL",2005,"/teams/DAL/2005.html",27.6519513431323,27.4375
"HOU",2005,"/teams/HOU/2005.html",29.7192646688492,29.7391304347826
"MEM",2005,"/teams/MEM/2005.html",26.315960416138,25.6666666666667
"NOH",2005,"/teams/NOH/2005.html",27.5034621174109,26.5454545454545
"NJN",2006,"/teams/NJN/2006.html",28.5883720930233,27.9411764705882
"PHI",2006,"/teams/PHI/2006.html",26.5350916855062,25.8235294117647
"BOS",2006,"/teams/BOS/2006.html",25.2804828973843,24.9444444444444
"TOR",2006,"/teams/TOR/2006.html",25.8798296166374,27.8235294117647
"NYK",2006,"/teams/NYK/2006.html",25.594681384847,26.5789473684211
"DET",2006,"/teams/DET/2006.html",28.5331316187595,27.4705882352941
"CLE",2006,"/teams/CLE/2006.html",27.0683308119012,26.5882352941176
"IND",2006,"/teams/IND/2006.html",27.3047136340598,27.25
"CHI",2006,"/teams/CHI/2006.html",24.147802059784,25.5789473684211
"MIL",2006,"/teams/MIL/2006.html",25.5246033744649,27.1333333333333
"MIA",2006,"/teams/MIA/2006.html",29.2182232346241,27.5882352941176
"WAS",2006,"/teams/WAS/2006.html",26.5222894604135,26.5333333333333
"ORL",2006,"/teams/ORL/2006.html",25.479628234112,26.6666666666667
"CHA",2006,"/teams/CHA/2006.html",25.1924139663401,25.0625
"ATL",2006,"/teams/ATL/2006.html",22.6961770623742,24.1333333333333
"DEN",2006,"/teams/DEN/2006.html",27.3826894129453,27.7368421052632
"UTA",2006,"/teams/UTA/2006.html",25.6203219315895,25.1333333333333
"SEA",2006,"/teams/SEA/2006.html",25.6086737266768,26.1052631578947
"MIN",2006,"/teams/MIN/2006.html",26.6991689750693,26.2777777777778
"POR",2006,"/teams/POR/2006.html",24.5613279270147,25.0588235294118
"PHO",2006,"/teams/PHO/2006.html",27.5195189175645,26.9444444444444
"LAC",2006,"/teams/LAC/2006.html",26.8010603382984,27.2222222222222
"LAL",2006,"/teams/LAL/2006.html",25.1410224124906,25.3529411764706
"SAC",2006,"/teams/SAC/2006.html",27.1658093797277,26.625
"GSW",2006,"/teams/GSW/2006.html",25.6466464952093,24.6
"SAS",2006,"/teams/SAS/2006.html",29.7799040646301,29.4
"DAL",2006,"/teams/DAL/2006.html",27.457444668008,27.3125
"MEM",2006,"/teams/MEM/2006.html",28.0959456056409,27.375
"NOK",2006,"/teams/NOK/2006.html",26.3183034587225,26.0526315789474
"HOU",2006,"/teams/HOU/2006.html",28.8273323247605,28.0952380952381
"TOR",2007,"/teams/TOR/2007.html",25.9724626676791,25.8235294117647
"NJN",2007,"/teams/NJN/2007.html",28.2170020120724,26.6666666666667
"PHI",2007,"/teams/PHI/2007.html",26.2469818913481,26.3888888888889
"NYK",2007,"/teams/NYK/2007.html",25.3942514371407,25.8
"BOS",2007,"/teams/BOS/2007.html",23.5251573910854,24.75
"DET",2007,"/teams/DET/2007.html",28.9625754527163,28.3333333333333
"CLE",2007,"/teams/CLE/2007.html",26.9024144869215,27.4666666666667
"CHI",2007,"/teams/CHI/2007.html",26.029271991911,26
"IND",2007,"/teams/IND/2007.html",27.2153185035389,26.6315789473684
"MIL",2007,"/teams/MIL/2007.html",26.0470914127424,25
"MIA",2007,"/teams/MIA/2007.html",29.3368924704105,28.375
"WAS",2007,"/teams/WAS/2007.html",26.7920827029753,26.25
"ORL",2007,"/teams/ORL/2007.html",25.6141557128413,26
"CHA",2007,"/teams/CHA/2007.html",25.485728567858,26.9444444444444
"ATL",2007,"/teams/ATL/2007.html",24.1095573440644,24.6315789473684
"UTA",2007,"/teams/UTA/2007.html",25.9030547841454,25
"DEN",2007,"/teams/DEN/2007.html",26.5001011122346,26.7222222222222
"POR",2007,"/teams/POR/2007.html",24.3950889501378,24.7058823529412
"MIN",2007,"/teams/MIN/2007.html",27.7109722569358,26.7142857142857
"SEA",2007,"/teams/SEA/2007.html",25.9508825012607,25.875
"PHO",2007,"/teams/PHO/2007.html",27.599799045466,29.1428571428571
"LAL",2007,"/teams/LAL/2007.html",25.2507738392411,25.7142857142857
"GSW",2007,"/teams/GSW/2007.html",24.6190837762592,24.9
"LAC",2007,"/teams/LAC/2007.html",27.4816523061328,26.8947368421053
"SAC",2007,"/teams/SAC/2007.html",27.2882100479677,27.2
"DAL",2007,"/teams/DAL/2007.html",28.0743609212858,28.3125
"SAS",2007,"/teams/SAS/2007.html",30.3979777553084,29.4375
"HOU",2007,"/teams/HOU/2007.html",28.2050868798791,27.4666666666667
"NOK",2007,"/teams/NOK/2007.html",26.4275653923541,25.8666666666667
"MEM",2007,"/teams/MEM/2007.html",26.2141641641642,26.3333333333333
"BOS",2008,"/teams/BOS/2008.html",27.9223487724627,28.4666666666667
"TOR",2008,"/teams/TOR/2008.html",26.3114473020676,27.3529411764706
"PHI",2008,"/teams/PHI/2008.html",25.2749683624399,25.9333333333333
"NJN",2008,"/teams/NJN/2008.html",27.358749369642,27.4
"NYK",2008,"/teams/NYK/2008.html",25.6892354124749,25.9333333333333
"DET",2008,"/teams/DET/2008.html",28.258134820071,27.8947368421053
"CLE",2008,"/teams/CLE/2008.html",27.0959456056409,27.7391304347826
"IND",2008,"/teams/IND/2008.html",26.6627689192609,26.25
"CHI",2008,"/teams/CHI/2008.html",25.7307245645039,25.3684210526316
"MIL",2008,"/teams/MIL/2008.html",25.8083102493075,26.5
"ORL",2008,"/teams/ORL/2008.html",26.6923154701719,26.9375
"WAS",2008,"/teams/WAS/2008.html",27.2300427028385,26.2307692307692
"ATL",2008,"/teams/ATL/2008.html",24.164845127172,25.125
"CHA",2008,"/teams/CHA/2008.html",26.3273641851107,27.4666666666667
"MIA",2008,"/teams/MIA/2008.html",27.3946041351488,27.2272727272727
"UTA",2008,"/teams/UTA/2008.html",25.3167723927937,25.2666666666667
"DEN",2008,"/teams/DEN/2008.html",28.5158902039788,27.0588235294118
"POR",2008,"/teams/POR/2008.html",24.0733986435569,23.8571428571429
"MIN",2008,"/teams/MIN/2008.html",24.6444500760264,26.125
"SEA",2008,"/teams/SEA/2008.html",25.377660110943,27
"LAL",2008,"/teams/LAL/2008.html",26.6786653185035,26.0526315789474
"PHO",2008,"/teams/PHO/2008.html",29.2602628918099,29.125
"GSW",2008,"/teams/GSW/2008.html",25.5065722952477,25.5
"SAC",2008,"/teams/SAC/2008.html",27.2720625315179,27
"LAC",2008,"/teams/LAC/2008.html",28.5515778843726,27.7
"NOH",2008,"/teams/NOH/2008.html",27.0582681141126,27.6875
"SAS",2008,"/teams/SAS/2008.html",31.4198175367461,29.1428571428571
"HOU",2008,"/teams/HOU/2008.html",28.2528129751647,27.4285714285714
"DAL",2008,"/teams/DAL/2008.html",28.8970603142423,28.2
"MEM",2008,"/teams/MEM/2008.html",24.452007068922,25.1578947368421
"BOS",2009,"/teams/BOS/2009.html",27.8012072434608,26.8125
"PHI",2009,"/teams/PHI/2009.html",26.11192103265,27.3846153846154
"NJN",2009,"/teams/NJN/2009.html",25.6979828542612,25.5333333333333
"TOR",2009,"/teams/TOR/2009.html",27.0355970714466,26.3157894736842
"NYK",2009,"/teams/NYK/2009.html",25.7521837919717,26.0869565217391
"CLE",2009,"/teams/CLE/2009.html",26.5910515672396,26.75
"CHI",2009,"/teams/CHI/2009.html",24.9429503261415,26.5789473684211
"DET",2009,"/teams/DET/2009.html",28.1844260236122,27.4
"IND",2009,"/teams/IND/2009.html",26.5463943519919,26.7142857142857
"MIL",2009,"/teams/MIL/2009.html",26.3388270980789,27.8235294117647
"ORL",2009,"/teams/ORL/2009.html",27.3109984794729,27.875
"ATL",2009,"/teams/ATL/2009.html",25.7954326313119,25.1333333333333
"MIA",2009,"/teams/MIA/2009.html",25.575945878226,26.2777777777778
"CHA",2009,"/teams/CHA/2009.html",25.8295534370296,25.9166666666667
"WAS",2009,"/teams/WAS/2009.html",26.8961177366151,26.8235294117647
"DEN",2009,"/teams/DEN/2009.html",27.6625950329448,28
"POR",2009,"/teams/POR/2009.html",23.9905698436712,24.2
"UTA",2009,"/teams/UTA/2009.html",25.4851609657948,25.6666666666667
"MIN",2009,"/teams/MIN/2009.html",25.417975258773,26.5882352941176
"OKC",2009,"/teams/OKC/2009.html",24.5163847513254,25.65
"LAL",2009,"/teams/LAL/2009.html",27.4006066734075,26.25
"PHO",2009,"/teams/PHO/2009.html",29.5274614021767,27.1111111111111
"GSW",2009,"/teams/GSW/2009.html",25.0313883299799,24.2941176470588
"LAC",2009,"/teams/LAC/2009.html",26.5622736418511,26.8947368421053
"SAC",2009,"/teams/SAC/2009.html",26.2891233358453,26.8095238095238
"SAS",2009,"/teams/SAS/2009.html",30.397035920623,28.7
"HOU",2009,"/teams/HOU/2009.html",27.8834637717748,28.1764705882353
"DAL",2009,"/teams/DAL/2009.html",29.0248422115627,27.75
"NOH",2009,"/teams/NOH/2009.html",28.1606681852696,29.1333333333333
"MEM",2009,"/teams/MEM/2009.html",23.3457712698813,24.8
"BOS",2010,"/teams/BOS/2010.html",29.4415571284125,28
"TOR",2010,"/teams/TOR/2010.html",25.1975733063701,25.6666666666667
"NYK",2010,"/teams/NYK/2010.html",25.4085513078471,25.8
"PHI",2010,"/teams/PHI/2010.html",25.4377682403433,26.25
"NJN",2010,"/teams/NJN/2010.html",24.7906471183013,26.5294117647059
"CLE",2010,"/teams/CLE/2010.html",28.048786653185,27.0555555555556
"MIL",2010,"/teams/MIL/2010.html",26.394044044044,27.7368421052632
"CHI",2010,"/teams/CHI/2010.html",26.1543330821402,26.9444444444444
"IND",2010,"/teams/IND/2010.html",26.5887845724435,26.4666666666667
"DET",2010,"/teams/DET/2010.html",26.7419110212336,26.8571428571429
"ORL",2010,"/teams/ORL/2010.html",27.9426761277243,27.8333333333333
"ATL",2010,"/teams/ATL/2010.html",26.4631075295895,26.5714285714286
"MIA",2010,"/teams/MIA/2010.html",27.0597585513078,27.3333333333333
"CHA",2010,"/teams/CHA/2010.html",27.3995975855131,27.2631578947368
"WAS",2010,"/teams/WAS/2010.html",27.5970751386788,27.2083333333333
"DEN",2010,"/teams/DEN/2010.html",27.6715874620829,27.6153846153846
"UTA",2010,"/teams/UTA/2010.html",25.5956466717287,24.6666666666667
"POR",2010,"/teams/POR/2010.html",26.6091160916646,25.7894736842105
"OKC",2010,"/teams/OKC/2010.html",23.1908104014138,25.1666666666667
"MIN",2010,"/teams/MIN/2010.html",24.0940343781598,25.0625
"LAL",2010,"/teams/LAL/2010.html",28.4257690368129,27.6153846153846
"PHO",2010,"/teams/PHO/2010.html",28.4979726305119,26.8666666666667
"LAC",2010,"/teams/LAC/2010.html",27.2906876427303,27.0526315789474
"GSW",2010,"/teams/GSW/2010.html",25.1015205271161,26.35
"SAC",2010,"/teams/SAC/2010.html",24.1002012072435,25.35
"DAL",2010,"/teams/DAL/2010.html",30.6794265593561,29.3333333333333
"SAS",2010,"/teams/SAS/2010.html",28.7408998988878,28.1176470588235
"HOU",2010,"/teams/HOU/2010.html",25.9575483546848,25.952380952381
"MEM",2010,"/teams/MEM/2010.html",24.085054006531,25
"NOH",2010,"/teams/NOH/2010.html",27.5022692889561,27.8125
"BOS",2011,"/teams/BOS/2011.html",29.5110717896866,27.9047619047619
"NYK",2011,"/teams/NYK/2011.html",25.2951971688574,25.95
"PHI",2011,"/teams/PHI/2011.html",24.6603612644255,26.5333333333333
"NJN",2011,"/teams/NJN/2011.html",24.7562109472632,25.8181818181818
"TOR",2011,"/teams/TOR/2011.html",24.4741658240647,25.6818181818182
"CHI",2011,"/teams/CHI/2011.html",26.4282904689864,27.4666666666667
"IND",2011,"/teams/IND/2011.html",25.8654196157735,26.1333333333333
"MIL",2011,"/teams/MIL/2011.html",26.6760968229955,27.2941176470588
"DET",2011,"/teams/DET/2011.html",27.1717303822938,27.2307692307692
"CLE",2011,"/teams/CLE/2011.html",26.5496836243989,26.2105263157895
"MIA",2011,"/teams/MIA/2011.html",28.9869565217391,30.2941176470588
"ORL",2011,"/teams/ORL/2011.html",27.5838628340898,28.4117647058824
"ATL",2011,"/teams/ATL/2011.html",27.3703497212367,27.4705882352941
"CHA",2011,"/teams/CHA/2011.html",26.9026003534461,26.8421052631579
"WAS",2011,"/teams/WAS/2011.html",24.8919719016558,25.9130434782609
"OKC",2011,"/teams/OKC/2011.html",23.738015496126,25.1666666666667
"DEN",2011,"/teams/DEN/2011.html",27.3218472468917,27.2105263157895
"POR",2011,"/teams/POR/2011.html",26.690684170664,27.4444444444444
"UTA",2011,"/teams/UTA/2011.html",26.8121730382294,26.2941176470588
"MIN",2011,"/teams/MIN/2011.html",23.8438321536906,23.7647058823529
"LAL",2011,"/teams/LAL/2011.html",30.1873928391326,29.0625
"PHO",2011,"/teams/PHO/2011.html",29.5621094726318,27.6842105263158
"GSW",2011,"/teams/GSW/2011.html",25.1974785678265,25.8235294117647
"LAC",2011,"/teams/LAC/2011.html",24.6436162175774,26.2352941176471
"SAC",2011,"/teams/SAC/2011.html",24.756131956686,24.75
"SAS",2011,"/teams/SAS/2011.html",28.8095551061678,27.45
"DAL",2011,"/teams/DAL/2011.html",30.9399137274803,28.4444444444444
"NOH",2011,"/teams/NOH/2011.html",26.3535047907211,26.5789473684211
"MEM",2011,"/teams/MEM/2011.html",25.1699698189135,25.4736842105263
"HOU",2011,"/teams/HOU/2011.html",26.5131790744467,25.85
"BOS",2012,"/teams/BOS/2012.html",29.3114805520703,28.2352941176471
"NYK",2012,"/teams/NYK/2012.html",26.2573400250941,26.8823529411765
"PHI",2012,"/teams/PHI/2012.html",24.871944706252,26.125
"TOR",2012,"/teams/TOR/2012.html",25.7510178515503,26.7777777777778
"NJN",2012,"/teams/NJN/2012.html",26.1258023914412,26.0909090909091
"CHI",2012,"/teams/CHI/2012.html",27.090338770389,28
"IND",2012,"/teams/IND/2012.html",26.2568480300188,26.6
"MIL",2012,"/teams/MIL/2012.html",26.2347935707532,25.7647058823529
"DET",2012,"/teams/DET/2012.html",26.3482618227372,27.0714285714286
"CLE",2012,"/teams/CLE/2012.html",26.0288130284998,25.1904761904762
"MIA",2012,"/teams/MIA/2012.html",28.2694513715711,28.4375
"ATL",2012,"/teams/ATL/2012.html",27.9413547788432,29.3125
"ORL",2012,"/teams/ORL/2012.html",27.5330410272471,26.625
"WAS",2012,"/teams/WAS/2012.html",24.1829814056098,26.047619047619
"CHA",2012,"/teams/CHA/2012.html",24.5332913782253,26.1875
"OKC",2012,"/teams/OKC/2012.html",25.1013758599124,26.125
"DEN",2012,"/teams/DEN/2012.html",26.6405860349127,25.7647058823529
"UTA",2012,"/teams/UTA/2012.html",25.650170120631,26.1333333333333
"POR",2012,"/teams/POR/2012.html",27.4583777012214,26.7222222222222
"MIN",2012,"/teams/MIN/2012.html",24.4232747804266,24.8666666666667
"LAL",2012,"/teams/LAL/2012.html",29.7043261749144,27.7647058823529
"LAC",2012,"/teams/LAC/2012.html",27.2708424678985,27.2222222222222
"PHO",2012,"/teams/PHO/2012.html",28.8717803030303,28.5384615384615
"GSW",2012,"/teams/GSW/2012.html",25.3404963870562,25.7
"SAC",2012,"/teams/SAC/2012.html",24.2775997486648,24.4
"SAS",2012,"/teams/SAS/2012.html",27.5229611041405,26.952380952381
"MEM",2012,"/teams/MEM/2012.html",25.5519447929737,26.5294117647059
"DAL",2012,"/teams/DAL/2012.html",31.2503579209462,29.4375
"HOU",2012,"/teams/HOU/2012.html",26.2016184251478,25.7894736842105
"NOH",2012,"/teams/NOH/2012.html",25.4926599749059,25.4545454545455
"NYK",2013,"/teams/NYK/2013.html",30.2092245311708,31.3157894736842
"BRK",2013,"/teams/BRK/2013.html",28.5808612440191,27.5294117647059
"BOS",2013,"/teams/BOS/2013.html",29.1541330645161,27.45
"PHI",2013,"/teams/PHI/2013.html",25.2369020501139,25.5294117647059
"TOR",2013,"/teams/TOR/2013.html",25.36001001001,26
"IND",2013,"/teams/IND/2013.html",25.653956100051,25.8125
"CHI",2013,"/teams/CHI/2013.html",28.0483610690872,28
"MIL",2013,"/teams/MIL/2013.html",26.4070600100857,26.7222222222222
"DET",2013,"/teams/DET/2013.html",25.3217874274173,25.875
"CLE",2013,"/teams/CLE/2013.html",24.0530663963507,24.9473684210526
"MIA",2013,"/teams/MIA/2013.html",30.2546780684105,29.7777777777778
"ATL",2013,"/teams/ATL/2013.html",27.0788718207001,26.8888888888889
"WAS",2013,"/teams/WAS/2013.html",25.3522034751952,26.2105263157895
"CHA",2013,"/teams/CHA/2013.html",24.3533956071699,26.2222222222222
"ORL",2013,"/teams/ORL/2013.html",24.6138523761375,25.2777777777778
"OKC",2013,"/teams/OKC/2013.html",26.0384770549672,25.75
"DEN",2013,"/teams/DEN/2013.html",26.1346395378046,24.7333333333333
"UTA",2013,"/teams/UTA/2013.html",26.2826961770624,26
"POR",2013,"/teams/POR/2013.html",24.4148577184588,25
"MIN",2013,"/teams/MIN/2013.html",26.4114546376077,26.7368421052632
"LAC",2013,"/teams/LAC/2013.html",28.7547896604156,29.1333333333333
"GSW",2013,"/teams/GSW/2013.html",25.3301691492047,25.125
"LAL",2013,"/teams/LAL/2013.html",30.722146292078,28.25
"SAC",2013,"/teams/SAC/2013.html",25.6313161875946,25.4117647058824
"PHO",2013,"/teams/PHO/2013.html",26.8609946983085,26.25
"SAS",2013,"/teams/SAS/2013.html",28.5959255533199,27.5625
"MEM",2013,"/teams/MEM/2013.html",26.9924766473113,25.5
"HOU",2013,"/teams/HOU/2013.html",24.4494438827098,24.3
"DAL",2013,"/teams/DAL/2013.html",29.5483483483483,28.6086956521739
"NOH",2013,"/teams/NOH/2013.html",24.0218402426694,24.7368421052632
"TOR",2014,"/teams/TOR/2014.html",25.6140816837885,26.15
"BRK",2014,"/teams/BRK/2014.html",30.0264587525151,28.8421052631579
"NYK",2014,"/teams/NYK/2014.html",28.2948375723999,28.2222222222222
"BOS",2014,"/teams/BOS/2014.html",25.4283831728333,25.6842105263158
"PHI",2014,"/teams/PHI/2014.html",23.4250314782171,23.3913043478261
"IND",2014,"/teams/IND/2014.html",27.2065217391304,27.1764705882353
"CHI",2014,"/teams/CHI/2014.html",28.623883592574,27.75
"CLE",2014,"/teams/CLE/2014.html",24.8614149523332,24.5238095238095
"DET",2014,"/teams/DET/2014.html",24.6762891809909,25.6
"MIL",2014,"/teams/MIL/2014.html",24.6638329979879,25.5789473684211
"MIA",2014,"/teams/MIA/2014.html",30.6008551307847,30
"WAS",2014,"/teams/WAS/2014.html",26.2522064323111,26.6470588235294
"CHA",2014,"/teams/CHA/2014.html",25.4529012810852,26.1578947368421
"ATL",2014,"/teams/ATL/2014.html",27.4804841149773,26.1111111111111
"ORL",2014,"/teams/ORL/2014.html",24.5610122776247,24.875
"OKC",2014,"/teams/OKC/2014.html",26.2321131027518,27.2222222222222
"POR",2014,"/teams/POR/2014.html",25.8396373709393,25.4
"MIN",2014,"/teams/MIN/2014.html",26.294535381516,26
"DEN",2014,"/teams/DEN/2014.html",26.0116932422172,26
"UTA",2014,"/teams/UTA/2014.html",24.5332153690597,25.8235294117647
"LAC",2014,"/teams/LAC/2014.html",28.1115160718805,28.55
"GSW",2014,"/teams/GSW/2014.html",26.274432677761,26.3333333333333
"PHO",2014,"/teams/PHO/2014.html",26.2195393571248,25.8666666666667
"SAC",2014,"/teams/SAC/2014.html",24.8819969742814,25.9130434782609
"LAL",2014,"/teams/LAL/2014.html",26.753108348135,27.2631578947368
"SAS",2014,"/teams/SAS/2014.html",28.9054922804353,27.8947368421053
"HOU",2014,"/teams/HOU/2014.html",25.3653555219365,25.3888888888889
"MEM",2014,"/teams/MEM/2014.html",28.4535218379197,26.8888888888889
"DAL",2014,"/teams/DAL/2014.html",30.6430660615229,28.2
"NOP",2014,"/teams/NOP/2014.html",24.3245026441702,25.5714285714286
"TOR",2015,"/teams/TOR/2015.html",26.0840594308738,25.9333333333333
"BOS",2015,"/teams/BOS/2015.html",24.9707746478873,26.1818181818182
"BRK",2015,"/teams/BRK/2015.html",28.5787757150025,27.5263157894737
"PHI",2015,"/teams/PHI/2015.html",23.1890431709164,23.88
"NYK",2015,"/teams/NYK/2015.html",26.940770586754,27.25
"CLE",2015,"/teams/CLE/2015.html",26.9408493427705,27.95
"CHI",2015,"/teams/CHI/2015.html",28.8130281690141,28.2857142857143
"MIL",2015,"/teams/MIL/2015.html",24.6439538384345,24.85
"IND",2015,"/teams/IND/2015.html",28.3453538151599,27.8125
"DET",2015,"/teams/DET/2015.html",25.8566817952597,27
"ATL",2015,"/teams/ATL/2015.html",27.7556006082108,27
"WAS",2015,"/teams/WAS/2015.html",28.5573039338512,28.6111111111111
"MIA",2015,"/teams/MIA/2015.html",28.5275215408008,27.5238095238095
"CHO",2015,"/teams/CHO/2015.html",26.0233609645818,26.1176470588235
"ORL",2015,"/teams/ORL/2015.html",24.2570488483928,24.9333333333333
"POR",2015,"/teams/POR/2015.html",27.0189876605389,26.3888888888889
"OKC",2015,"/teams/OKC/2015.html",25.4292990418558,25.5238095238095
"UTA",2015,"/teams/UTA/2015.html",23.3687896472976,24
"DEN",2015,"/teams/DEN/2015.html",26.3958249496982,25.85
"MIN",2015,"/teams/MIN/2015.html",24.4128250441808,25.96
"GSW",2015,"/teams/GSW/2015.html",26.6334515965535,26.7333333333333
"LAC",2015,"/teams/LAC/2015.html",28.7946274708566,28.05
"PHO",2015,"/teams/PHO/2015.html",25.7080482897384,25.695652173913
"SAC",2015,"/teams/SAC/2015.html",26.0436665827248,26.1052631578947
"LAL",2015,"/teams/LAL/2015.html",26.9860511791269,25.8888888888889
"HOU",2015,"/teams/HOU/2015.html",27.6120676596819,26.65
"SAS",2015,"/teams/SAS/2015.html",29.7613129541468,28.4705882352941
"MEM",2015,"/teams/MEM/2015.html",29.6156242150214,27.6842105263158
"DAL",2015,"/teams/DAL/2015.html",29.8736418511066,28.5789473684211
"NOP",2015,"/teams/NOP/2015.html",25.2604145601618,25.4761904761905
"CLE",2016,"/teams/CLE/2016.html",28.1453538151599,28.8333333333333
"TOR",2016,"/teams/TOR/2016.html",26.2932254802831,25.375
"MIA",2016,"/teams/MIA/2016.html",28.3709026727181,28.5789473684211
"ATL",2016,"/teams/ATL/2016.html",28.1820978315683,27.4705882352941
"BOS",2016,"/teams/BOS/2016.html",25.2425176946411,24.5
"CHO",2016,"/teams/CHO/2016.html",26.0201964240745,25.9411764705882
"IND",2016,"/teams/IND/2016.html",26.882092555332,25.9375
"DET",2016,"/teams/DET/2016.html",24.9826458752515,25.8823529411765
"CHI",2016,"/teams/CHI/2016.html",27.6374780205978,27.5625
"WAS",2016,"/teams/WAS/2016.html",27.2982029865857,27.9473684210526
"ORL",2016,"/teams/ORL/2016.html",23.8991208239136,24.8823529411765
"MIL",2016,"/teams/MIL/2016.html",23.541351487645,24.6470588235294
"NYK",2016,"/teams/NYK/2016.html",27.1965160313052,26.75
"BRK",2016,"/teams/BRK/2016.html",26.9285244241964,26
"PHI",2016,"/teams/PHI/2016.html",23.348649330977,24.3333333333333
"GSW",2016,"/teams/GSW/2016.html",27.41046277666,27.375
"SAS",2016,"/teams/SAS/2016.html",30.3138797259579,31.0588235294118
"OKC",2016,"/teams/OKC/2016.html",25.8321230458901,27.2352941176471
"LAC",2016,"/teams/LAC/2016.html",29.7013111447302,28.8333333333333
"POR",2016,"/teams/POR/2016.html",24.3496086846756,24.625
"DAL",2016,"/teams/DAL/2016.html",30.3305173706573,29.1875
"MEM",2016,"/teams/MEM/2016.html",30.5332324760464,27.8571428571429
"HOU",2016,"/teams/HOU/2016.html",27.8489662128089,27.0555555555556
"UTA",2016,"/teams/UTA/2016.html",24.2398897519419,24.5294117647059
"SAC",2016,"/teams/SAC/2016.html",26.6230749810654,26.4
"DEN",2016,"/teams/DEN/2016.html",24.7225920322743,25.5263157894737
"NOP",2016,"/teams/NOP/2016.html",26.5617290192113,26.6666666666667
"MIN",2016,"/teams/MIN/2016.html",24.615291750503,27.0625
"PHO",2016,"/teams/PHO/2016.html",26.0125348896219,25.695652173913
"LAL",2016,"/teams/LAL/2016.html",26.5086670045616,27.0666666666667
"BOS",2017,"/teams/BOS/2017.html",25.8524930397368,25.2666666666667
"CLE",2017,"/teams/CLE/2017.html",29.1884808853119,30.047619047619
"TOR",2017,"/teams/TOR/2017.html",26.0917087967644,25.1176470588235
"WAS",2017,"/teams/WAS/2017.html",26.0164190380257,25.6666666666667
"ATL",2017,"/teams/ATL/2017.html",27.9036217303823,28.2
"MIL",2017,"/teams/MIL/2017.html",25.6088473205258,26
"IND",2017,"/teams/IND/2017.html",27.0048854192899,26.9375
"CHI",2017,"/teams/CHI/2017.html",26.9240141557128,25.8888888888889
"MIA",2017,"/teams/MIA/2017.html",26.4534378159757,26.6
"DET",2017,"/teams/DET/2017.html",25.3657662206514,25.4666666666667
"CHO",2017,"/teams/CHO/2017.html",26.5432677760968,25.7894736842105
"NYK",2017,"/teams/NYK/2017.html",27.2497104004029,26.625
"ORL",2017,"/teams/ORL/2017.html",25.3105276445342,25.4736842105263
"PHI",2017,"/teams/PHI/2017.html",24.6224911749874,24.7142857142857
"BRK",2017,"/teams/BRK/2017.html",25.9989875980764,25.8095238095238
"GSW",2017,"/teams/GSW/2017.html",28.1591506572295,27.8823529411765
"SAS",2017,"/teams/SAS/2017.html",29.5661196667508,28.75
"HOU",2017,"/teams/HOU/2017.html",27.4435793731041,26
"LAC",2017,"/teams/LAC/2017.html",30.0408504176158,29.5333333333333
"UTA",2017,"/teams/UTA/2017.html",26.793470007593,26.2
"OKC",2017,"/teams/OKC/2017.html",24.651350669023,25.9473684210526
"MEM",2017,"/teams/MEM/2017.html",29.4774177342376,27.2352941176471
"POR",2017,"/teams/POR/2017.html",24.8255393878575,24.3333333333333
"DEN",2017,"/teams/DEN/2017.html",25.2382181726145,25.4736842105263
"NOP",2017,"/teams/NOP/2017.html",25.6524993720171,25.8076923076923
"DAL",2017,"/teams/DAL/2017.html",27.6453488372093,26.75
"SAC",2017,"/teams/SAC/2017.html",27.8348591549296,26.7368421052632
"MIN",2017,"/teams/MIN/2017.html",23.9621307750568,25.6875
"LAL",2017,"/teams/LAL/2017.html",25.0582085765034,26.7222222222222
"PHO",2017,"/teams/PHO/2017.html",25.0270297528996,25.6666666666667
